customer_id,customer_name,city,state,registration_date
CUST00424,Mary Escobar,Barkerberg,Kansas,2020-04-12
CUST00549,Jessica Khan,Port Jacob,Nebraska,2018-03-06
CUST00732,Alexander Gomez,Lisatown,Delaware,2024-08-29
CUST00589,Dale Ryan,Stephenstown,Hawaii,2024-07-27
CUST00486,Jonathan Glass MD,New Dawnton,California,2022-08-12
CUST00617,Bryan Parker,Gutierrezmouth,New York,2024-03-31
CUST00992,Brian Harris,Lake James,UTAH,2020-06-11
CUST00994,Deborah Campbell,Lake Coreyborough,Oregon,2020-05-17
CUST00983,Joshua Garcia,Port Donnashire,TX,2021-09-02
CUST00924,Amanda Sullivan MD,West Angelbury,Louisiana,2018-05-13
CUST01050,,Bradleychester,Idaho,2023-05-11
CUST00582,Daniel Bush,Port Georgemouth,KENTUCKY,2023-07-03
CUST00635,Amber Cooper,Lopezville,Connecticut,2018-12-13
CUST00159,Melissa Gates,North Eric,Alabama,2022-07-19
CUST00366,Kenneth Lewis,Deniseview,TX,2024-04-22
CUST00449,Ryan Rosales,North Todd,Minnesota,2020-11-20
CUST00334,Linda Smith,Brayhaven,Georgia,2019-08-10
CUST00496,Lawrence Harrington,East Ryanfurt,Tennessee,2020-01-05
CUST00913,Robert Haynes,Lake Loganstad,South Carolina,2024-02-03
CUST00894,Cassie Brock,East Joshuaberg,Washington,2024-05-04
CUST00057,Timothy Duncan,New Virginiaville,New Jersey,2021-05-04
CUST00071,Jordan Henderson,Jimmytown,Ohio,2022-06-05
CUST00486,Jonathan Glass MD,New Dawnton,California,2022-08-12
CUST00389,Sandra Drake,Lake Sandrafort,New Hampshire,2018-10-26
CUST00529,Kristy Bryan,North Johnhaven,Massachusetts,2023-08-10
CUST00988,Nicholas Payne,North Dustinview,,2022-01-07
CUST00838,Carol Sanders,North Joyside,Tennessee,2021-11-26
CUST00372,,North Sharonfort,New Mexico,2022-05-10
CUST01031,Douglas Vasquez,South Shannonfurt,Ohio,2020-08-17
CUST00761,Mary Kelly,New Daltonmouth,FL,2019-09-10
CUST00657,Eric Thomas,East Amyside,Arizona,2022-01-19
CUST00680,William Harrison,Amandafurt,Vermont,2021-08-06
CUST00052,Danny Morgan,Karenburgh,Oklahoma,2020-10-06
CUST00278,Marie Christian,Cherylfurt,Michigan,2021-11-25
CUST00175,Nicole Herring,West Willie,FL,2023-01-04
CUST00618,Jonathan Jacobson,Annborough,Massachusetts,2024-03-22
CUST00762,Amanda Terrell,Jeffreyport,MARYLAND,2021-11-13
CUST00087,Shirley Suarez,East Heatherton,New Jersey,2021-01-17
CUST00310,Dawn Summers,Carrillomouth,Illinois,2024-08-29
CUST00071,Jordan Henderson,Jimmytown,Ohio,2022-06-05
CUST00390,Scott Williams,Albertchester,IOWA,2020-02-10
CUST00707,Adam Jackson,East Angela,South Carolina,2022-12-01
CUST00678,Joseph Howard,South Lisaville,Ohio,2019-07-12
CUST00955,Kristy Hart,Cunninghamview,Utah,2023-10-09
CUST00993,Michael Bowen,Georgeside,new york,2022-10-26
CUST00110,Sharon Cochran,Lake Emily,South Carolina,2023-05-10
CUST00089,Lisa Archer,Phammouth,Arizona,2019-03-24
CUST00032,James Ferrell,Robertberg,,2018-09-13
CUST00788,Elizabeth Mendez,Martinezside,MINNESOTA,2018-04-03
CUST00544,Kathleen Robertson,Lake Sarah,Oklahoma,2024-02-03
CUST00193,Debra Christian,Susanberg,Virginia,2019-04-26
CUST00494,Mark Cox,East Brent,Washington,2023-08-20
CUST00382,Paul Wilson,New Carla,Maryland,2020-02-20
CUST00200,Nathan Freeman,Jamesburgh,Florida,2023-05-13
CUST00622,Lisa Perry,North Ginamouth,Tennessee,2018-04-18
CUST00845,Ashley Edwards,Kanefurt,South Dakota,2024-08-14
CUST00934,Samantha Foster,Sawyerland,Louisiana,2021-12-07
CUST00661,William David DDS,North Thomas,Oklahoma,2024-08-29
CUST00454,Cynthia Vang,Hebertland,NEW MEXICO,2021-12-13
CUST00883,,Lake Timothyshire,Wyoming,2022-04-22
CUST00441,Jeremy Mitchell,Grosstown,Rhode Island,2021-09-13
CUST00476,Julie Dominguez,West Adam,South Dakota,2022-03-09
CUST00693,Crystal Mann,Port Dwayneberg,New Hampshire,2022-03-21
CUST00290,Briana Murray,Mendezhaven,Louisiana,2024-02-09
CUST00855,Lindsay Lawson,West Cassandra,OKLAHOMA,2019-08-03
CUST00820,Megan Burns,East Craigfurt,Massachusetts,2019-02-21
CUST00877,Michael Miles,Jillton,North Dakota,2018-08-08
CUST00478,Judith Carter,Port Lynnview,Nevada,2024-12-05
CUST00532,Mark Jimenez,Michaelport,Illinois,2024-05-06
CUST00826,Monica Ellis,East Cheryl,Mississippi,2023-02-18
CUST00561,Nancy Evans MD,South Michelle,Wyoming,2024-01-24
CUST01015,William Graham,Martinezchester,Massachusetts,2018-01-03
CUST00597,Victor Morris,Samanthaton,IOWA,2021-01-02
CUST00378,,North Austin,delaware,2023-01-17
CUST00114,Crystal Johnson,Wilsonbury,Kentucky,2021-03-15
CUST00579,Melissa Bishop,North Dannymouth,North Dakota,2018-05-02
CUST00060,John Daniel,Thomasberg,Utah,2023-06-26
CUST00950,Zachary Robinson,West Kevin,Alabama,2021-08-18
CUST00882,Denise Brown,West John,maine,2020-03-10
CUST00946,,Angelaton,Kansas,2021-02-25
CUST00257,Susan Murray MD,New Donna,Ohio,2022-10-02
CUST00612,Michael Lopez,Vasquezburgh,Kentucky,2019-06-27
CUST00108,Sierra Johnson,North Richardton,oregon,2022-07-25
CUST00060,John Daniel,Thomasberg,Utah,2023-06-26
CUST00747,Michael Henry,North Garyfurt,west virginia,2020-11-25
CUST00352,Kimberly Nguyen,South Coreyburgh,Utah,2022-09-02
CUST00719,Kathryn Mccann,Robertside,,2018-10-30
CUST00405,Joann Glass,Robinsonchester,Louisiana,2020-04-17
CUST00245,,Lake Jerrymouth,Vermont,2018-08-25
CUST00024,Tommy Walter,,Hawaii,2022-09-12
CUST00905,Ashley Moreno,Jeremystad,Illinois,2024-05-05
CUST00142,David Douglas Jr.,North Ellen,Massachusetts,2023-08-28
CUST00502,Brian Fitzgerald,Fostershire,Iowa,2020-02-26
CUST00440,Jason Rhodes,Shawnhaven,Texas,2020-03-14
CUST00356,Jesse Perez,Mauricechester,Arizona,2022-03-22
CUST01041,Danielle Bryant,Luketown,Hawaii,2020-07-15
CUST00888,Dana Ruiz,Shaunhaven,WASHINGTON,2023-07-08
CUST00465,Jose Allen,Emilychester,Missouri,2018-07-18
CUST00102,Cameron Parker,Taraton,Pennsylvania,2023-04-19
CUST00179,Lawrence Adkins,Lucasland,Oklahoma,2024-07-13
CUST00562,Kim Erickson,Wattsmouth,North Carolina,2021-09-20
CUST00789,Cesar Wilson,Mathewport,MONTANA,2021-11-06
CUST00961,Erica Johnson,Robertstad,NEBRASKA,2019-06-04
CUST01000,Elizabeth Sanders,South Danielberg,Arkansas,2024-02-20
CUST00337,Daniel Kane,West Michaelview,Montana,2022-08-21
CUST00585,Jamie Baird,Parkermouth,Rhode Island,2024-03-15
CUST00528,Michelle Jacobs,East Jamesmouth,Alabama,2018-12-05
CUST00050,Eric Carney,Ryanberg,Alaska,2023-06-07
CUST00812,Daniel Brown,Port Jamesmouth,,2022-10-26
CUST00696,Mr. Aaron Arnold,Ashleyport,Utah,2022-02-04
CUST00634,Robert Reese,Simsburgh,ALASKA,2022-05-08
CUST00981,James Oconnor,North Andrewfort,West Virginia,2023-02-06
CUST00077,Angela Lopez,Port Greggton,California,2018-11-20
CUST00986,Elizabeth Flores,Port Davidborough,Wyoming,2019-01-17
CUST00011,,Joseport,Oregon,2019-11-30
CUST00721,Randy Friedman,Bushville,Montana,2024-09-15
CUST00199,Adam Vaughan,East Jack,DELAWARE,2019-07-02
CUST00335,Dana Martinez,Stewarttown,Nebraska,2023-11-06
CUST00209,,Lindseychester,Kansas,2020-06-13
CUST00291,David Smith,Jenniferton,Oregon,2022-10-04
CUST00848,Joseph Smith,East Sarah,Nevada,2021-07-06
CUST00219,Justin Torres,Lake Charlestown,California,2019-04-05
CUST00248,Frank Cordova,Johnsonton,Florida,2021-06-16
CUST00524,Sarah King,South Donnastad,Ohio,2023-05-04
CUST00468,William Jones,Mahoneymouth,Texas,2019-07-18
CUST00097,Aaron Wise,Reedfurt,New Mexico,2020-08-11
CUST00084,Paul Jones,South Ricardomouth,Vermont,2024-01-16
CUST00459,Aaron Miller,Christianborough,California,2020-01-24
CUST01025,James Washington,West Christy,Alabama,2018-12-04
CUST00817,Tamara Riddle,Donaldchester,Connecticut,2021-02-14
CUST00714,Laurie Goodwin,Englishchester,Arizona,2020-09-18
CUST01004,Derrick Brown,Perezchester,New York,2023-06-11
CUST00293,Jeremy Reed,East Melissahaven,West Virginia,
CUST00140,Angel Perry,Nataliechester,VIRGINIA,2023-07-17
CUST00759,Heather Woodard,West Amy,South Carolina,2024-08-07
CUST00775,Carly Riggs,South Chad,South Dakota,2020-04-27
CUST00716,David Davenport,Cruzbury,COLORADO,2019-09-24
CUST01048,,Dannyburgh,Alabama,2022-09-26
CUST00433,Travis Tucker,South Jasmineside,Arkansas,2020-12-04
CUST00079,Steve Sanchez,Rodgersville,Alabama,2022-12-17
CUST00539,Emma Owens,South Tara,Utah,2023-05-02
CUST00210,Brian Lee,North Lawrence,TEXAS,0000-00-00
CUST00925,Danielle Murray,Howardmouth,Florida,2023-01-17
CUST00463,Riley Bryant,New Kara,Iowa,2018-05-19
CUST00797,Tracey Wagner,East Austin,Alaska,2021-09-17
CUST00040,Brittany Farmer,Pattersonfort,Tennessee,2022-03-24
CUST00031,Rebecca Henderson,Port Erinhaven,New Hampshire,2023-04-16
CUST01043,Kathy Reid,Port Patriciamouth,Alaska,2022-12-28
CUST00137,Robert Potter,New Amy,Idaho,2023-02-05
CUST00055,Shannon Jones,North Michael,Illinois,2021-05-07
CUST00842,Alexandra Dominguez,Robertmouth,Louisiana,2019-12-08
CUST00274,Shelly Alexander,South Diamondmouth,CONNECTICUT,2022-03-19
CUST00923,Megan Green,Mcculloughberg,Maine,2021-05-04
CUST00569,Lisa Randall,West Scott,North Carolina,2019-02-05
CUST00399,Ashley Hicks,Williamsonview,Michigan,2020-05-17
CUST00004,Daniel Wagner,Rodneyfurt,Ohio,2020-12-23
CUST00308,Carlos Ryan,Nancyshire,Louisiana,2018-10-03
CUST00299,Keith Jennings,Willishaven,Utah,2021-02-03
CUST00353,Kerry Chavez DDS,East Lisafort,Montana,2022-07-31
CUST00656,Kyle Chambers,North Susanside,Wyoming,2018-11-12
CUST00935,Michael Thompson,Lake Pamela,Georgia,2024-11-04
CUST00757,Karen Morales DDS,Mejiabury,Connecticut,2022-05-22
CUST00508,Emma Reed,Brittneytown,Michigan,2022-06-14
CUST00059,Brent Jordan,Jamesside,Louisiana,2020-04-29
CUST00064,Donald Wright,Rivasville,Kansas,2024-04-14
CUST00436,Sophia Johnson,Mariomouth,Alaska,2024-06-30
CUST00353,Kerry Chavez DDS,East Lisafort,Montana,2022-07-31
CUST00101,Sandra Aguilar,Port Travisbury,Florida,2021-09-14
CUST00169,Joel Williams,Lake Michaelbury,West Virginia,2021-08-18
CUST00588,Jeremy Scott,Alexanderfort,Tennessee,2020-01-31
CUST00333,,New Michaelburgh,Rhode Island,2021-05-21
CUST00443,Robert Harrison,Jenniferside,vermont,2022-04-05
CUST00567,Paula Lane,East Aprilfurt,Maryland,2021-11-17
CUST00530,Angel May,Matthewfurt,Nebraska,2022-11-13
CUST00244,Brandon Bailey MD,East Eric,MINNESOTA,2024-04-28
CUST00245,,Lake Jerrymouth,Vermont,2018-08-25
CUST00443,Robert Harrison,Jenniferside,vermont,2022-04-05
CUST00421,George Harper,Nguyenburgh,Tennessee,2019-02-08
CUST00514,Robert Arnold,Port Marissa,Rhode Island,2020-09-23
CUST00211,Christopher Smith,Lake Jodi,indiana,2024-09-06
CUST00067,Tracy House,Marieborough,New Jersey,2019-05-15
CUST00295,Ryan Gonzalez,New Gavin,Oklahoma,2020-10-10
CUST00068,Carol Tucker,Jadeport,North Dakota,2024-06-06
CUST00778,Cody Davidson,Robinsonville,Alabama,2021-11-27
CUST00013,Lisa Hensley,North Linda,California,2024-12-13
CUST00332,Colton Martinez,Mendozaside,Delaware,2020-08-28
CUST00523,Hannah Everett,Briantown,Vermont,2024-03-13
CUST00431,Maria Henderson,North Hannah,Delaware,2019-08-21
CUST00555,Robert Morgan,Josephstad,Alaska,2021-05-10
CUST00909,William Miller,Ianburgh,Wisconsin,2019-04-09
CUST00717,Steven Rivera,South Cassandra,Iowa,2022-09-30
CUST00185,Lindsay Martinez,Stewartfurt,Florida,2018-09-12
CUST00320,Connie Brown,Ianborough,Arizona,2024-01-20
CUST00216,Anthony Everett,Lake Catherine,ARKANSAS,2022-01-21
CUST00446,Tracy Montoya,Davidsonville,Idaho,2023-08-08
CUST00300,Amber Obrien,Lake Janeland,Hawaii,2020-02-12
CUST01039,Samuel Suarez,South Joseshire,Michigan,2019-06-28
CUST01035,Chelsea Lewis,Jordanport,Kentucky,2018-01-05
CUST00849,Jessica Bowen,Thompsonstad,North Carolina,2019-04-28
CUST00870,Jorge Harris,Lake Stephen,Mississippi,2023-06-29
CUST00232,Susan Serrano,North Elizabeth,Rhode Island,2020-04-21
CUST01033,William Ramos,New Donna,Alabama,2019-01-09
CUST00347,Sharon Boyd,Port Susan,Utah,2018-07-12
CUST00003,Angie Henderson,East Johnnyport,TENNESSEE,2023-04-28
CUST00495,Meghan Cisneros,Maddoxshire,Massachusetts,2022-10-30
CUST00733,Kyle Nguyen,Toddberg,Illinois,2018-12-15
CUST00802,Krista Wilson,South Davidhaven,Arizona,2022-07-18
CUST00880,Richard Adams,Michaelside,NORTH CAROLINA,2023-06-08
CUST01038,Eric Hunter,Alvarezburgh,Nevada,2018-11-16
CUST00319,Stephen Hoffman,Michaelshire,Georgia,2020-08-17
CUST00517,William Day,Jasonside,Vermont,2018-11-27
CUST00844,Benjamin Reyes,North Joel,Colorado,2024-11-21
CUST00917,Jason Herrera,Reillyberg,Arkansas,2022-12-13
CUST00754,Jennifer Porter,Bishopview,Hawaii,2020-06-24
CUST00410,Jesse Brown,Whiteview,ALASKA,2021-03-05
CUST00276,Matthew Moore,Pearsonview,Minnesota,2024-01-18
CUST01010,Blake Orr,Millsland,Iowa,2018-03-08
CUST00629,Joseph Wilson,Port Adrianashire,South Carolina,2021-08-21
CUST00645,Edwin Nunez,Kimberlyberg,CONNECTICUT,2021-05-18
CUST00885,Holly Scott,West Michael,Virginia,2023-09-02
CUST00592,Kiara Little,New Carolbury,Pennsylvania,2024-12-08
CUST00343,Anthony Harmon,Shannonshire,oklahoma,2019-12-19
CUST00854,Donald Miller,Barnesmouth,North Dakota,2022-03-10
CUST00313,,Schultzbury,Pennsylvania,2024-09-14
CUST00309,Kiara Mcintyre,Heatherfurt,Oregon,2019-02-18
CUST00737,Charles Turner,New Joanne,Wisconsin,2019-11-13
CUST00238,,Brianaland,Colorado,2018-08-16
CUST00324,Brandy Chavez,Ericville,Wyoming,2023-08-26
CUST00307,Edward Burgess,Staceyhaven,Minnesota,2020-04-24
CUST00969,Courtney Chapman,Jenkinsburgh,mississippi,2019-08-06
CUST00351,Ana Hill,Annashire,Connecticut,2021-07-29
CUST00107,Sharon Cherry,Stewartfort,Massachusetts,2019-10-09
CUST00606,Todd Rosales MD,Lake Jason,MISSOURI,2018-01-22
CUST00056,Michael Lewis,South Nancyview,georgia,2020-07-10
CUST00214,Katherine Salas,Fordstad,North Dakota,2023-01-04
CUST00121,Larry Dixon,Danielchester,Maine,2019-12-19
CUST00558,,North Ricky,South Carolina,2020-09-11
CUST00026,Judy Baker,Frenchmouth,SOUTH DAKOTA,2022-08-19
CUST00073,,North Kimberly,Arkansas,2019-08-23
CUST00991,Carmen Preston,Port Belindatown,Rhode Island,2022-06-18
CUST00045,Angelica Tucker,East Heather,Nebraska,2021-11-03
CUST00603,Tammy Mcdowell,Port Ronaldside,Alaska,2022-01-17
CUST00498,James Bradley,Duncanton,Alaska,2019-01-30
CUST00741,Eric Rush,West Traceyberg,arkansas,2022-06-25
CUST00281,Amanda Jones,Kingport,Oregon,N/A
CUST00032,James Ferrell,Robertberg,,2018-09-13
CUST00391,Thomas Atkins,Carlatown,California,2024-08-03
CUST00414,Joanna Pacheco,South Jill,Virginia,2022-01-11
CUST00412,Lisa Hunter,South Kelsey,Arizona,2023-03-25
CUST00287,Joseph Knight,Port Dustinchester,Vermont,2018-04-04
CUST00329,Jeremy Sampson,Travishaven,south dakota,2024-06-23
CUST00740,Linda Gonzalez,Whitehaven,NEW HAMPSHIRE,2024-04-25
CUST00425,Felicia Aguilar,Kellibury,Michigan,2022-02-27
CUST00738,Arthur Hamilton MD,Woodburgh,Tennessee,2024-11-14
CUST00261,Katie Suarez,North Jameshaven,,2018-09-04
CUST00491,Heather Williams,Lake Kimberlyfurt,South Carolina,2024-01-04
CUST00662,Emma Butler,North Patrickland,,2024-11-30
CUST00362,Laurie Hoffman,Lake Lindsey,Oregon,2021-05-16
CUST00360,Ronald Davis,Prestonfurt,Mississippi,2020-09-14
CUST00941,Lydia Pham,Carlshire,connecticut,2020-04-27
CUST00061,Victoria Garcia,Lake Gina,New Mexico,2021-07-22
CUST00429,Robin Santiago,East Tonymouth,,2024-04-23
CUST00093,Denise Jacobs,Alexanderland,Maine,2020-09-20
CUST00683,Dean Donovan,Jaredshire,Hawaii,2023-05-17
CUST00266,Joshua Reed,Port Erikachester,Arkansas,2022-08-02
CUST00746,Vincent Novak,Brianview,indiana,2019-02-08
CUST00960,Mitchell Sellers,Frankview,Oregon,2021-02-09
CUST00395,Tamara Davis,Christianbury,NEVADA,2020-05-05
CUST00322,Charles Shah,Port Joseph,New Jersey,2018-08-20
CUST00183,Angela Vaughn,New Lorraineview,Alabama,0000-00-00
CUST00520,Vincent Reynolds,South Brandyhaven,Rhode Island,2022-07-19
CUST00297,Laura Haney,North Wendy,Rhode Island,2021-11-18
CUST00111,Richard Rodriguez,Michaelton,Utah,2020-03-27
CUST00912,Cynthia Green,Mikeborough,CONNECTICUT,2021-01-02
CUST00911,Keith Graham,West Autumnmouth,Delaware,2019-04-13
CUST00507,Brandon Fleming,Michaelmouth,UTAH,2020-12-30
CUST00886,Kenneth Sharp,Wesleychester,Pennsylvania,2023-07-21
CUST00818,Beth Cline,Lake Mitchell,Vermont,2018-09-14
CUST00586,Tina Ballard,Courtneyville,,2022-03-18
CUST00262,Desiree Tyler,Serranoville,Utah,2018-10-10
CUST00689,Katherine Stark,West Stephanie,Minnesota,2023-07-05
CUST00526,Joseph Shaw,South William,TX,2018-02-08
CUST00542,Sean Moore,Port Devin,South Carolina,2018-11-01
CUST00833,Scott Alexander,West Brian,Georgia,2022-05-11
CUST00138,Courtney Gonzalez,Jenniferstad,mississippi,2024-02-04
CUST00910,Casey Wilkins,East John,South Dakota,2024-06-03
CUST01014,Dr. Rhonda Martinez,New Megan,Arkansas,2023-02-13
CUST00856,Melissa Abbott,New Tara,Maryland,2023-09-24
CUST00328,Trevor Johnson,Villanuevashire,Louisiana,2021-07-30
CUST00637,Timothy Johnson,West Robertfort,Connecticut,2020-09-21
CUST00615,Elizabeth Sharp,Garrettville,,2022-11-01
CUST00030,Anthony Rodriguez,South Pamelahaven,Louisiana,2024-11-09
CUST00166,John Anderson,Lake Martin,North Carolina,2020-01-27
CUST00249,Jose Travis,New Brittany,Nevada,2018-03-31
CUST00479,Curtis Williams,North Benjamin,Massachusetts,2024-11-30
CUST00345,Kayla Rodriguez,Lake Josephbury,Missouri,2024-03-26
CUST00829,Derrick Clayton,Robertside,INDIANA,2023-06-28
CUST00729,Aaron Parker,Garyport,KENTUCKY,2018-05-31
CUST00573,Reginald Knapp,Gallegosmouth,Nevada,2021-10-27
CUST00381,Karla Ramos,Amyberg,Vermont,2024-01-03
CUST00954,Alyssa Haynes,New Julieshire,New Mexico,2020-12-31
CUST00559,Larry Robertson,West Stephaniebury,Washington,2024-05-10
CUST00066,Amber Kidd,Gonzalezborough,Georgia,2021-03-24
CUST00983,Joshua Garcia,Port Donnashire,TX,2021-09-02
CUST00944,Kathryn Price,Pageberg,Colorado,2021-12-07
CUST00368,Holly Farmer,Juliehaven,Massachusetts,2022-09-03
CUST00255,Cynthia Moore,Jacksonchester,Maine,2018-10-27
CUST00763,Jennifer Goodwin,Jamestown,Illinois,2018-04-11
CUST00363,Bryan Gomez,Robertshire,Vermont,2019-08-15
CUST00222,Jeremy Dalton,Valdezberg,Washington,2023-09-02
CUST00236,Kathryn Snyder,Bethshire,Arizona,2023-09-22
CUST00406,Madison Weber,Kristifort,Connecticut,2022-06-13
CUST00914,Emily Nelson,West Shane,Oklahoma,2022-02-11
CUST00306,Kevin Oconnor,New Charlesport,Arizona,2020-09-12
CUST00758,Melissa Stephens,New Matthew,Missouri,2023-03-12
CUST00791,Jennifer Taylor,Amandamouth,Maine,2019-11-05
CUST01028,Steve Rivera,Ebonyfort,Missouri,2018-08-01
CUST00250,Kimberly Gutierrez,Lake William,,2022-06-10
CUST00884,Ian Porter,Port Julie,Delaware,2024-04-19
CUST00458,Brenda Thornton,Allisonland,Arkansas,2023-06-24
CUST00072,Whitney Peters,North Maryfort,Wisconsin,2021-11-14
CUST00095,John Whitehead,Lake Morgan,Massachusetts,2023-12-16
CUST00034,Nathan Maldonado,Thomasburgh,Delaware,2023-10-26
CUST00742,Manuel Brock,Port Tyler,Wyoming,2021-09-20
CUST00260,Mrs. Kristen Reyes,South Paul,New York,2024-01-26
CUST00205,Erin Warner,Michaelbury,Minnesota,2022-08-31
CUST00428,Emily Bennett,West Deannaside,West Virginia,2018-07-07
CUST00814,Michael Roberts,West Mary,New Jersey,2018-01-19
CUST00772,Mr. Jeffrey Horton,Kimberlyfurt,Minnesota,2021-07-01
CUST00078,Megan Young,Michaelmouth,IOWA,2021-11-19
CUST00085,Zachary Ferrell,Maryfort,NORTH CAROLINA,2021-01-15
CUST00616,Matthew Schwartz,Port Christina,West Virginia,2023-01-13
CUST00083,Michael Evans,Lisaburgh,Iowa,2020-04-07
CUST00939,Amy Ramirez,Port Brenda,Iowa,2019-07-25
CUST00483,Evelyn Martinez,New Ricardoborough,Missouri,2018-01-28
CUST00690,Maria Brown,New Danielfurt,Virginia,2024-06-16
CUST00595,Tanya Russell,Lake Michaelberg,GEORGIA,2018-10-29
CUST01037,Samantha Robertson,Kellerside,South Dakota,2023-05-08
CUST00810,Heather Page,Port Lisaville,HAWAII,2023-01-16
CUST00835,Bonnie Santos,Thompsonton,Connecticut,2022-05-27
CUST00006,Connie Lawrence,Turnerhaven,OKLAHOMA,2024-06-23
CUST00311,Dr. Paul Morgan,Maldonadoshire,Alaska,2018-05-18
CUST00824,Jackie Clements,East Douglas,Utah,2021-08-28
CUST00105,Richard Henson,Wallaceshire,North Dakota,2018-01-22
CUST00098,Deborah Figueroa,Port Margaret,TENNESSEE,2018-08-04
CUST00355,Patricia Le,Michaelside,colorado,2021-05-13
CUST00621,Casey Hernandez,Williammouth,Idaho,2019-02-28
CUST00315,Richard Smith,Zacharytown,Texas,2020-09-29
CUST00984,Sean Curtis,South Davidview,Maine,2024-07-11
CUST00602,Jennifer Simpson DVM,Marcusfurt,Kansas,2021-07-21
CUST00989,Anna Wheeler,Michaelhaven,Kansas,2018-09-17
CUST00282,Tammie Bright,Kimfurt,Utah,2022-05-29
CUST00600,Susan Thompson,South Kara,Alabama,2019-09-24
CUST00267,Kimberly Gibson,Woodton,New Mexico,2020-01-08
CUST00537,Morgan Valencia,North Jessica,Utah,2020-05-15
CUST00926,,New Danielleshire,Rhode Island,2020-12-12
CUST00666,Tracy Grant,Port Kathyshire,Ohio,2019-07-09
CUST00505,Katherine Martinez,Morrisshire,,2020-10-30
CUST00997,Edward Stanley,East Maryfurt,South Dakota,2021-08-15
CUST00598,Susan Davis,South Victoriaburgh,Massachusetts,2019-09-24
CUST00119,Victor Baker,,Pennsylvania,2024-01-01
CUST00929,Lauren Green,Rhodesland,North Carolina,2022-12-04
CUST00251,Isaiah Avila,North Gabriel,Oregon,2020-11-08
CUST00605,Mrs. Virginia Daniels,Markchester,Iowa,2019-01-10
CUST00286,Elaine Brooks,East Paultown,Texas,2018-01-15
CUST00437,Ralph Anderson,Mikaylaside,INDIANA,2022-09-07
CUST00010,Ryan Munoz,West Vanessamouth,Maine,2023-05-22
CUST00426,Gregory Ponce,South Christopher,MI,2021-07-05
CUST00197,Daniel Salinas,West Jasonstad,Alaska,2020-06-23
CUST00695,Mary Jensen,Gonzalezmouth,Arizona,2022-05-29
CUST00371,Allison Hickman,East Garrettville,Oklahoma,2019-07-04
CUST00082,Mike Allen,Natalieland,IL,2020-05-26
CUST00584,Denise Martinez,Port Jennifer,Alabama,2021-12-28
CUST00938,Edward Jenkins,Chandlerchester,Maryland,2024-11-28
CUST00712,Stephanie Elliott,Proctorberg,WEST VIRGINIA,2019-07-25
CUST00240,Yvonne Chambers,Gomezstad,Arkansas,2019-06-25
CUST00847,Brandi Haney,Brownchester,Maryland,2019-07-03
CUST00212,Denise Mccann,Hillstad,INDIANA,
CUST00821,Debra Perry,North Nichole,Nevada,2024-01-09
CUST00476,Julie Dominguez,West Adam,South Dakota,2022-03-09
CUST00552,Angel Gordon,East Grace,California,2019-08-14
CUST00228,Michael Warner,Mooreshire,,2021-09-05
CUST00977,Stephen Davis,Lake Lisabury,Illinois,2022-07-09
CUST00596,Sherry Woods,Lake Belindaport,Florida,2018-12-03
CUST00452,Courtney Hayes,Brandonbury,Iowa,2023-03-03
CUST00908,Kelly Haynes,New Sandra,,2023-09-24
CUST00178,Michael Wang,Houstonborough,Connecticut,2021-05-21
CUST01046,Hannah Martin,East Jimmy,South Dakota,2021-11-08
CUST00515,Angelica Parker,Alexanderville,Louisiana,2020-07-14
CUST00480,Kaylee Hays,Ericview,Michigan,2023-06-03
CUST01042,Michele Hill,East Marystad,Kentucky,2023-10-29
CUST00865,Austin Baker,South Amandafort,California,2023-06-17
CUST00500,Phillip Berry,Ayalaberg,Montana,2019-09-02
CUST00487,Monica Miller,Millerton,Wisconsin,2018-02-18
CUST00008,Gina Moore,Annaport,Arkansas,2018-07-30
CUST00928,Jacqueline Mccoy,Jamesland,VERMONT,2018-12-23
CUST00156,Michelle Brown,South Billyview,Arizona,2020-03-02
CUST00358,Jeffery Ortega,Port Justin,West Virginia,2024-01-13
CUST00619,Emily Wilson,Lake Jamesport,Nebraska,2023-09-30
CUST00224,Theresa Clark,Dennishaven,Minnesota,2024-06-03
CUST00330,Ariana Jennings,Raymondshire,Idaho,2024-09-15
CUST00665,Renee Melendez,Lisaside,IL,2019-03-15
CUST00519,Penny Bowman,Anaberg,Pennsylvania,2019-01-18
CUST00889,Chris Velazquez,South Jenniferside,Washington,2022-08-30
CUST00466,Jeffrey Mendez,,Maryland,2018-01-27
CUST00651,Andrew Harper,New Katieport,West Virginia,2022-11-16
CUST00862,Bonnie Valencia,New Sophia,Texas,2022-04-21
CUST00650,Alexis Harris,West Steventon,Colorado,2019-11-16
CUST00685,James Whitaker,Amybury,West Virginia,2019-12-29
CUST00185,Lindsay Martinez,Stewartfurt,Florida,2018-09-12
CUST00786,Laurie Bailey,Grahamland,Montana,2018-07-03
CUST00534,Dr. Michael Evans,Lake Jonathanfurt,Massachusetts,2023-12-04
CUST01016,Lori Flowers MD,Ramirezshire,SOUTH CAROLINA,2022-10-19
CUST01030,Alicia Roth,Port Anthonychester,GEORGIA,2021-06-05
CUST00669,Nathaniel Lee,Ruizbury,New Mexico,2022-06-09
CUST00809,Patricia Young PhD,South Cherylshire,Minnesota,2020-03-19
CUST00794,Katherine Taylor,Guerreroport,Wisconsin,2019-12-16
CUST00164,Jeffrey Johnson,South Amy,Wisconsin,2022-06-30
CUST00229,Michael Bradshaw,Lake Jessica,Delaware,2023-11-02
CUST00594,Randy Smith,North Jack,Wisconsin,2020-10-06
CUST00834,Tyler Harris,Port Edwardfort,vermont,2024-11-08
CUST00213,Melissa Martinez,Lake Jessica,West Virginia,2023-11-23
CUST00875,,West Ronaldview,Texas,2023-01-22
CUST00080,Lisa Barnes,North Melissaburgh,Wisconsin,2020-11-16
CUST00149,Kathy Rivas,Youngport,Colorado,2023-02-23
CUST00303,Megan Le,New Sylvia,Maine,2022-09-14
CUST00448,Shelly Spencer,East Morgan,Nevada,2021-10-14
CUST00430,Nancy Jennings,Lindamouth,CONNECTICUT,2020-06-25
CUST00583,Gregory Peck,East Misty,,2020-07-23
CUST00531,Marilyn Wang,North Michael,virginia,2021-09-18
CUST00044,Anthony Humphrey,North Erica,Pennsylvania,2023-12-24
CUST00450,Phillip Nelson,North Ashleyfurt,Ohio,2023-06-25
CUST00134,Daniel Kennedy,Jenniferside,New York,2019-03-16
CUST00630,Kevin Davis,Angelatown,Massachusetts,2022-04-27
CUST00482,Howard Norman,West Lisa,North Carolina,2018-03-06
CUST00576,Kelly Edwards,Johnsonmouth,Utah,2024-09-05
CUST00312,Victor Taylor,South Darrenland,South Carolina,2023-01-03
CUST00409,Anthony Romero,West Kimberlyland,New York,2021-08-10
CUST00546,Cindy Gomez,East Lonnieberg,Washington,2018-05-15
CUST00698,Alicia Li,New Alanhaven,Colorado,2024-04-28
CUST00550,Pamela Diaz,East Anthony,Delaware,2020-04-28
CUST00931,Jill Anderson,Lake Michaelberg,Missouri,2020-08-28
CUST00860,Brian Porter MD,Lake Ronniebury,Georgia,2019-07-19
CUST00001,Allison Hill,Palmertown,NEW HAMPSHIRE,2018-04-20
CUST00423,Michael Mitchell,North Tanya,Washington,2021-08-04
CUST00361,Parker Cain,Stevenberg,Illinois,2020-07-12
CUST00383,Douglas Gregory,Millsside,Washington,2018-07-31
CUST00317,Lauren Carson,Nunezmouth,hawaii,2022-07-06
CUST00808,Robert Gonzales,East Cynthiaport,MISSISSIPPI,2024-11-20
CUST00627,Amy Kelley,Mooremouth,VIRGINIA,2024-09-11
CUST00553,Diana Hays,Christopherfort,Rhode Island,2022-06-20
CUST01019,Jimmy Marks,Dixonberg,Maryland,2021-05-21
CUST01044,Andre Watson,Davisstad,Idaho,2018-02-08
CUST00623,Kaitlin Medina,Ramseytown,Michigan,2019-01-03
CUST00173,Joshua Cooke,New Lynnstad,NY,2022-04-21
CUST00451,Brittany Kim,Foxshire,Minnesota,2023-07-03
CUST00126,Erin Edwards,Glassburgh,Kentucky,2023-07-23
CUST00919,Bryan Moore,Deborahport,TEXAS,2020-06-14
CUST00674,Timothy Hayden,Freemanland,Maryland,2022-12-09
CUST00632,Joyce Brown,Carlberg,NEW YORK,2021-04-10
CUST01027,Lee Steele,Sparksborough,Connecticut,2019-11-09
CUST00091,Matthew Mcmillan,Cherylberg,Washington,2024-07-31
CUST01049,Traci Vincent,New Markmouth,Georgia,2019-06-26
CUST00182,Tina Sanders,East Lauraside,KANSAS,2020-12-07
CUST00364,Nicole Parrish,Sweeneyland,Nevada,2023-03-12
CUST00535,Anthony Gonzales,New Stacybury,IDAHO,2018-06-24
CUST00275,Joyce Bowen,Coxberg,Maryland,2018-11-25
CUST00904,Matthew Sweeney,Port Kirk,Illinois,2023-02-17
CUST01018,James Nguyen,Thomasfurt,,2019-06-25
CUST00070,William Baker,Lake Sarah,vermont,2022-04-05
CUST00292,Stephanie Byrd,Lake Troy,Alaska,2023-12-19
CUST00132,Dustin Jordan,South Carrie,iowa,2024-05-15
CUST00301,Tanner Mitchell DDS,Jessicaside,Kentucky,2019-04-08
CUST00543,Kenneth Edwards,South Wendy,Wisconsin,2021-02-22
CUST00327,Brett Burns,Watsonmouth,Nebraska,2024-06-17
CUST00145,Amber Wright,Port Bryan,Illinois,2020-02-29
CUST00540,David Davis,Shaneberg,Rhode Island,2021-01-15
CUST00668,Tammy Boone,Davisport,NEW MEXICO,2018-01-28
CUST00971,Nicholas Rush,Port Penny,South Dakota,2021-01-05
CUST00136,Jose Schultz,Glendaberg,COLORADO,2021-03-11
CUST00339,Scott Thomas,Thomasmouth,California,2021-02-01
CUST00868,Michael Miller,West Kenneth,Illinois,2024-03-22
CUST00165,Michael Powell,Davisbury,Ohio,2019-01-26
CUST00029,Zachary Hicks,Port Cynthiashire,Tennessee,2023-08-18
CUST00644,Courtney Smith,Oconnorhaven,Iowa,2021-01-06
CUST00194,Angelica Keith,Ericastad,texas,2021-04-23
CUST00667,David Harris,North Lisa,Alabama,2021-06-01
CUST00731,Jerry Peters,New Brett,Hawaii,2024-01-09
CUST00434,Chad Jones,,,2024-03-16
CUST00815,Scott Duke,Port Brandon,Florida,2020-05-29
CUST00170,Daniel Murphy,North Felicia,Minnesota,2020-10-13
CUST00723,Willie Henry,Lake Jessica,ALASKA,2024-07-12
CUST00141,Cheyenne Horton,New Danielfurt,Pennsylvania,13/32/2022
CUST00174,Matthew Harrington,Tuckerport,Oklahoma,2020-08-22
CUST00007,Abigail Shaffer,Silvatown,Illinois,2020-07-21
CUST00735,Steven Stein,New Juan,Idaho,2020-10-13
CUST00568,Lauren Jackson,New Paulton,oregon,2018-08-08
CUST00890,Kristen Sloan,Shannonstad,Colorado,2022-12-24
CUST00492,Heather Bolton,West Alicemouth,Vermont,2021-03-20
CUST00590,Melissa Taylor,Youngshire,New Mexico,2022-04-06
CUST00074,Lauren Daniels,Lake Jenniferview,Michigan,2021-04-04
CUST00782,Amy Garcia,Lake Danielle,Maine,2023-01-28
CUST00533,Donna Frye,New Joshua,,2019-01-26
CUST00239,Sara Johnston,Nicholasbury,Connecticut,2023-02-01
CUST00146,Joyce Solis,Jamesside,Idaho,0000-00-00
CUST00903,Sherry Tapia,Ellisshire,Mississippi,2019-11-20
CUST00235,Michael Lyons,Lake Tanyaview,California,2019-01-08
CUST00221,Courtney Mills,North Andrea,Alaska,2024-02-22
CUST00215,Julie Alexander,,Oklahoma,2023-12-04
CUST00756,Rachel Jones,Destinyfurt,CONNECTICUT,2022-03-13
CUST00133,Mary Marshall,Meganside,Maryland,2024-10-04
CUST00345,Kayla Rodriguez,Lake Josephbury,Missouri,2024-03-26
CUST00591,Laurie Sanchez,Chavezmouth,Hawaii,2018-12-18
CUST00751,Krista Benton,Smithmouth,Vermont,2024-04-04
CUST00186,Dr. Hannah Patterson,New Adamland,Florida,2019-04-30
CUST00042,Fred Smith,Lake Nathan,Tennessee,2019-12-11
CUST00109,Evelyn Galvan,Port Christopherport,Ohio,2023-05-03
CUST00676,Larry Harris,Singletonport,Arkansas,2022-10-30
CUST00527,Todd Moore,West Toddside,New York,2019-12-03
CUST00799,Bradley Johnson DDS,Priceside,Montana,2022-10-13
CUST00484,Steve Paul,Lake Markfort,Oregon,2023-12-20
CUST00469,Katie Mcneil,Meganchester,West Virginia,
CUST00025,Matthew Foster,East Michaelport,Alabama,2019-09-13
CUST00536,Mr. Lawrence Edwards,West Penny,Utah,2020-07-30
CUST00599,Kimberly Sharp,Cherylshire,North Carolina,2022-04-06
CUST00873,Michael Blair,Padillatown,Florida,2020-02-06
CUST00793,Maria Cooke,East Angela,South Dakota,2023-10-15
CUST00367,Courtney Rodriguez,Nelsonmouth,Tennessee,2022-08-18
CUST00671,Chelsea Gill,Robertafurt,South Carolina,2024-12-15
CUST00384,Mr. Andrew Foster,Reginafort,alabama,2021-01-04
CUST00455,Alfred Galvan,Owenton,Illinois,2019-11-25
CUST00265,Yvonne Burns,South Donnaside,Hawaii,2021-03-21
CUST00614,David Molina,North David,UTAH,2020-02-07
CUST00781,Christine Goodwin,Smithfort,New York,2022-11-30
CUST00445,Mrs. Diane Reyes,New Justin,missouri,2020-10-03
CUST00396,Dana Chapman,Justinside,Pennsylvania,2021-09-25
CUST00177,Michael Elliott,Lake Cameronborough,indiana,2021-09-12
CUST00019,Lisa Jackson,Lake Amanda,South Carolina,2019-03-27
CUST00571,Ashley Smith,Jacksonport,Missouri,2020-08-08
CUST00653,David Robinson,Jamesport,OKLAHOMA,2022-09-21
CUST00062,Gerald Hensley,West Robertville,California,2023-05-20
CUST00273,Jonathan Lawrence,New Alexandrahaven,New Hampshire,N/A
CUST01006,Joshua Arellano,Port Chad,Oregon,2018-07-18
CUST00279,Shannon James,South Andrea,delaware,2019-05-01
CUST00973,Amanda Guzman,Port Davidtown,Illinois,2022-03-17
CUST00369,Renee Bruce,Gutierrezburgh,Idaho,2024-04-01
CUST00708,Mr. Richard Knight PhD,Maryberg,Maryland,2021-04-08
CUST00658,Connie Turner,Josephport,Tennessee,2020-10-27
CUST00953,Renee Wolfe,North Kathyfort,IOWA,2024-06-03
CUST00548,Julie Herrera,Turnerview,Louisiana,2021-07-12
CUST00701,Joseph Ochoa,Lake Annstad,Vermont,2024-02-13
CUST00755,Dana Hopkins,Josephville,New Hampshire,2022-12-31
CUST00457,,Lauraton,Wyoming,2024-02-17
CUST00394,Robert Montgomery,Claytonbury,New York,2023-05-18
CUST00965,Eric Taylor,Moniqueport,Wyoming,2021-08-12
CUST00768,Haley Johnson,Kennethland,Nebraska,2018-12-18
CUST00376,Paul Lewis,Jeromeport,COLORADO,2021-09-14
CUST00413,Julian Conner,Wrightton,illinois,2023-12-26
CUST00075,Amy Silva,South Vanessa,New Jersey,2018-06-22
CUST01002,Stephen Wood,North Markville,Georgia,2019-06-19
CUST00501,Jennifer Banks,South Anita,Maine,2020-09-14
CUST00852,Paul Lawrence,,Texas,2019-04-25
CUST00115,Garrett Lin,West Michaelport,Ohio,2018-08-31
CUST00418,Carrie Wright,West Timothyport,Tennessee,2023-10-02
CUST00090,Aimee Montoya,New Noah,Vermont,2024-11-26
CUST01036,Natalie Malone,Freemanville,FL,2020-05-24
CUST00987,Angela Jackson,East Ellen,Hawaii,2023-02-21
CUST00697,Joseph Hill,,Alabama,2019-04-12
CUST00704,Michael Abbott,Garrettfurt,Iowa,2018-04-21
CUST00012,Jamie Arnold,East Zachary,Idaho,2023-11-18
CUST00397,Jennifer Collins,Robertland,Pennsylvania,2021-05-26
CUST00876,Patrick Yang,Port Gail,Pennsylvania,2024-12-12
CUST00906,Johnathan Brown,Kaylaton,Virginia,2023-07-22
CUST00043,Sherry Decker,West Katherinehaven,Colorado,2023-02-26
CUST00168,Alyssa Day,Barajastown,Michigan,2023-05-10
CUST00417,Gwendolyn Klein,Ericton,,2022-01-13
CUST00577,Thomas Peterson,South Christopher,Michigan,2022-06-13
CUST00936,Cody Ramirez,Laraport,Indiana,2022-10-20
CUST00427,Jenna Larson,Sarahton,New Jersey,2022-08-23
CUST00545,Mr. Alexander Landry MD,West Carlos,Utah,2024-04-27
CUST01003,Dennis Marshall,Campbellport,MASSACHUSETTS,2024-05-07
CUST00676,Larry Harris,Singletonport,Arkansas,2022-10-30
CUST00783,Chelsea Nguyen,Lake Peterberg,MINNESOTA,2021-07-30
CUST00705,Shannon Malone,Jamesside,Oregon,2023-03-06
CUST00258,Kathleen Moran,Garymouth,tennessee,2021-11-12
CUST00336,Andrea Hubbard,Lake Jasonshire,South Carolina,2020-06-24
CUST00016,Brian Ramirez,Rebeccafurt,Arizona,2020-09-19
CUST00722,Raymond Johnson,Nixonland,Pennsylvania,2023-05-17
CUST00325,Natalie Bautista,North Emmafort,WISCONSIN,2021-03-30
CUST00866,Antonio Mccormick,South Tylerland,Massachusetts,2024-01-11
CUST00223,Elizabeth Oliver DDS,Philipshire,Pennsylvania,2020-04-08
CUST00180,Robert Oconnell,North Stephen,GA,2024-06-04
CUST00100,Stephen Mckee,Christianburgh,TENNESSEE,2022-08-20
CUST00522,Christopher Morris,Port Heather,Oklahoma,2022-03-25
CUST00023,Ethan Adams,Lake Jonathan,Maryland,2021-07-08
CUST00357,,West Michelleborough,Indiana,2020-01-24
CUST00765,Jorge Stone,Lake Susanland,Idaho,2019-03-05
CUST00982,Stacey Snyder,Williamsville,NEBRASKA,2023-06-23
CUST00804,Rodney Williams,Lake Beth,Tennessee,2020-02-03
CUST00341,Allison Smith,South Jaclyn,Alabama,2024-03-30
CUST00432,Jack White,Jenniferview,Kentucky,2018-03-08
CUST00631,Rhonda Chavez,New Gina,texas,2018-02-20
CUST00951,Rebecca Kelly,Martinezport,Georgia,2021-04-13
CUST00204,Joseph Coleman,East Jessicafort,montana,2022-03-11
CUST00724,Todd Reynolds,Stevenland,Texas,2022-06-30
CUST00094,Christina Walters,Dianatown,Mississippi,2018-07-27
CUST00744,Valerie Taylor,Barberburgh,Maine,2019-03-10
CUST00069,James Brown,North Amy,Indiana,2024-02-03
CUST00715,Jennifer Jones,South William,Vermont,2020-10-31
CUST00285,Stephanie Williams,East Williammouth,Idaho,2020-07-01
CUST00916,Brittney Martin,South Sarahberg,New Hampshire,2018-06-20
CUST00435,Ashley Wise,New Jacob,Florida,2024-07-20
CUST00154,Devon Flores,West Shane,Hawaii,2021-04-23
CUST00076,Sarah Moore,Josephton,Wyoming,2021-03-24
CUST00837,Danielle Watson,,Illinois,2019-04-13
CUST00581,William Evans,South Andrea,New Mexico,2023-01-20
CUST00447,Brenda Wright,New Donnaton,Iowa,2024-03-05
CUST00189,Madison Poole,West Kathymouth,Wyoming,2019-10-17
CUST00272,Veronica Simpson,Scotttown,Wyoming,2023-01-12
CUST00237,Andrew Reynolds,South Desiree,Idaho,2022-12-30
CUST00488,Samantha Gardner,Michaelchester,Idaho,2018-03-10
CUST01047,Nicole Barker,Brittanyland,Nevada,2019-05-09
CUST00560,Louis Martin,Port James,Rhode Island,2022-05-13
CUST00118,Ashley Waller,Rodriguezborough,Missouri,2020-08-09
CUST00932,Sandra Rivera,Woodstad,GA,2020-05-09
CUST00513,Allison Spencer,North Jodibury,Illinois,2024-05-03
CUST00940,Curtis Wilkerson,East Jaredfort,North Carolina,2020-04-26
CUST00679,Jose Crawford,Angelaland,New Mexico,2021-05-15
CUST00127,Michelle Evans,Lake Lisa,New Jersey,2020-02-03
CUST00117,William Herrera,South Donald,North Carolina,2024-06-09
CUST00474,Evelyn Williams,Smithton,Georgia,2023-09-03
CUST01008,Jennifer Nichols,North Yolanda,,2019-02-12
CUST00058,Richard Aguirre,North Hannahchester,Oklahoma,2021-03-29
CUST00604,Keith Rodriguez,West Thomasville,,2019-03-13
CUST00980,David Rodriguez,North Roger,Montana,2022-02-20
CUST00106,Marc Moore,Millerfort,Nebraska,2024-03-04
CUST00636,Zachary Michael,Janetmouth,Arkansas,2024-04-10
CUST00370,Sabrina Austin,East Jessicaview,New Mexico,2023-12-11
CUST00269,Cynthia Rowe,Bellshire,Nevada,2022-09-18
CUST00047,John Pierce,Gordonport,Iowa,2021-12-22
CUST00350,Theodore Jones Jr.,Kristenport,Illinois,2023-11-19
CUST00196,Allen Rosales,North Adamfurt,,2024-11-22
CUST00103,Rebecca Valencia,New Dawn,Missouri,2019-02-16
CUST00952,Sarah Thompson,Whitebury,North Carolina,2021-03-31
CUST00907,Michelle Davis DVM,West Justin,COLORADO,2024-03-01
CUST00790,Clayton Steele,Brownland,South Carolina,2019-03-24
CUST00843,Virginia Henderson,Port Daniel,Alabama,2021-05-03
CUST00264,Diane Evans,Port Amandaville,Vermont,2018-05-10
CUST00942,Virginia Casey,Davischester,South Dakota,2018-09-01
CUST00444,Holly Valentine,Leefort,Mississippi,2024-05-22
CUST00774,Samuel Wong,Stephanieview,VIRGINIA,2023-02-09
CUST00305,Maria Parker,West Gregoryhaven,Indiana,2018-03-06
CUST00342,Cynthia Morris,Michaelfurt,Utah,2024-08-20
CUST00690,Maria Brown,New Danielfurt,Virginia,2024-06-16
CUST00314,Tracy Ballard,Port Leslie,MAINE,2018-07-19
CUST00150,Stephanie Manning,South Paulmouth,KENTUCKY,2020-11-19
CUST00125,Helen Jones,New Savannahshire,,2022-06-15
CUST00897,Aimee Gonzalez,South Michael,Georgia,2021-04-11
CUST00937,,Port Jessica,Arizona,2019-11-11
CUST00051,Jessica Holmes,Wendyfort,Indiana,2020-02-27
CUST00354,Michael Farrell,South Julieview,Texas,2019-09-04
CUST01040,Corey Whitaker,Jensenstad,ARKANSAS,2024-08-28
CUST00143,Patricia Rodriguez,West Karen,Nebraska,2023-04-02
CUST00471,,New Amy,NEW MEXICO,2019-09-11
CUST00654,Amy Gordon,Amandamouth,DELAWARE,2021-05-12
CUST00400,Hannah Luna,Lopeztown,WISCONSIN,2020-02-18
CUST00718,Brenda Hinton,Bradfordbury,,2022-03-25
CUST00321,Susan Turner,Mclaughlinbury,Indiana,2020-06-08
CUST00020,Carla Gray,Knoxstad,Florida,2020-02-21
CUST01007,Kristen Randall,Crosbystad,New Jersey,2018-07-08
CUST00901,Danielle Smith,Robertmouth,Virginia,2024-01-12
CUST00921,Russell Murphy,Port Annette,CONNECTICUT,2019-02-24
CUST00408,,Christopherberg,Wisconsin,2024-03-11
CUST00538,Bianca Wood,South John,California,2024-05-10
CUST00713,Timothy Edwards,East Dawnchester,Arizona,2021-05-25
CUST00039,Elizabeth Fowler,East Christinachester,New Hampshire,2023-11-23
CUST00176,Alex Hernandez,East Teresaside,WYOMING,2020-12-29
CUST00246,Donna Landry,South Emmafort,Wisconsin,2024-04-07
CUST00945,Francis Robinson,East Marisa,SOUTH DAKOTA,2023-12-21
CUST00766,Laura Griffin,South Diana,Alaska,2021-04-25
CUST00142,David Douglas Jr.,North Ellen,Massachusetts,2023-08-28
CUST00979,Derek Wright,West David,idaho,2021-02-13
CUST00155,Brenda Hall,East Sydneyhaven,OH,2024-05-14
CUST00639,Maria Fisher,Javierport,Montana,2023-11-05
CUST00663,James Webster,Myersshire,Michigan,2020-03-11
CUST00288,Carolyn Miller,North Josestad,NEVADA,2021-05-07
CUST00626,Michael Miller,Roblesberg,Kansas,2019-01-17
CUST00686,Mr. Michael Scott PhD,Lake Elizabeth,Delaware,2022-06-20
CUST00694,Jonathan Brooks,,Illinois,2021-02-22
CUST00570,Michael Johnson,Kimport,Alabama,2022-11-26
CUST00850,Brittany Jenkins,South Jennifer,Nevada,2020-09-04
CUST00018,Derek Zuniga,West Jessica,LOUISIANA,
CUST00128,Jason Powell,South Dianemouth,Louisiana,2021-03-31
CUST00323,Johnathan Davis,East Mary,Alaska,2019-07-28
CUST00256,Kristen Davis,Port Brandi,Vermont,2018-07-05
CUST00753,Michael Fuentes,North Samanthastad,Nebraska,0000-00-00
CUST00424,Mary Escobar,Barkerberg,Kansas,2020-04-12
CUST00191,Debra Morton,Moorebury,alaska,2023-08-21
CUST00116,Diana May,Jacquelineton,Washington,2019-01-02
CUST00715,Jennifer Jones,South William,Vermont,2020-10-31
CUST00709,Joseph Williams,Whitneyberg,Idaho,2018-10-11
CUST00607,Brian Martin,North Ashleyhaven,Alabama,2021-06-16
CUST00181,Alexander Collins,Benjaminland,Delaware,2018-02-16
CUST00302,Heather Fields,Michaelview,MONTANA,2018-05-12
CUST00867,Lori Mason,Lake Jessicaborough,Virginia,2019-12-11
CUST01023,Kristine Garcia,Gregoryburgh,Florida,2022-01-16
CUST00828,Claudia Jordan,Lake Margaretport,WEST VIRGINIA,2020-12-10
CUST00784,Dennis Huffman,Rebeccashire,Rhode Island,0000-00-00
CUST00760,Margaret Miller,Port Carloschester,Wisconsin,2023-08-12
CUST00518,Michael Cooper,East Amy,KANSAS,2018-05-10
CUST00373,Ellen Morgan,North Kellihaven,Delaware,2020-09-21
CUST00046,Philip Cannon,Larryville,Colorado,2024-02-16
CUST00477,Robin Brown,East Melissa,South Dakota,2018-09-05
CUST00158,Jason Stein,Adammouth,Pennsylvania,2024-11-07
CUST00851,Shannon Miller,Theresaborough,California,2021-06-04
CUST00172,,Scottport,Arkansas,2020-12-04
CUST00017,Holly Wood,Doyleshire,MINNESOTA,2018-05-10
CUST00512,Curtis Taylor,Port Jessica,,2023-02-24
CUST00049,Joshua Blair,Stacymouth,INDIANA,2024-11-03
CUST00192,Karen Graham,Lake Peter,Massachusetts,2021-06-27
CUST00959,Thomas Harris,East Luisberg,North Dakota,2018-08-31
CUST00516,,Shannontown,New Hampshire,2021-05-13
CUST00801,Jim Newton,North Matthewmouth,wisconsin,2020-08-07
CUST00785,Margaret Harper,New Jasminefort,Indiana,13/32/2022
CUST00481,Dawn Mullins,Pamelabury,West Virginia,2023-06-22
CUST00284,Shelia Wallace,Lake Jerryburgh,Louisiana,2019-06-06
CUST00822,,North Adrianland,Washington,2020-02-05
CUST00750,Leslie Gardner,,New Hampshire,2023-10-26
CUST00226,Benjamin Smith,Port Tamara,North Dakota,2019-09-06
CUST00027,Justin Baker,Jorgeport,Montana,2020-04-15
CUST00893,Jake Shaw,Susanland,Florida,2018-12-05
CUST00438,Christopher Guerra,North Amanda,Tennessee,2021-04-24
CUST00389,Sandra Drake,Lake Sandrafort,New Hampshire,2018-10-26
CUST00365,Tracy Burke,East Matthewmouth,Iowa,2018-08-25
CUST00230,Lori Guerrero,Billyfort,north carolina,2022-12-15
CUST00038,Cassandra Gaines,South Kristen,Utah,2023-05-14
CUST00670,Michael Morrison,Port Paula,MONTANA,2021-09-22
CUST01025,James Washington,West Christy,Alabama,2018-12-04
CUST00375,Charles Schultz,Lake Sarahfurt,Georgia,2020-04-12
CUST00470,Jeanette Harrison,Mckenziemouth,south dakota,2018-10-06
CUST00618,Jonathan Jacobson,Annborough,Massachusetts,2024-03-22
CUST00688,Robert Jackson,Angelamouth,Vermont,2021-04-08
CUST00970,Eric Barker,East Ericbury,new jersey,2024-06-23
CUST00964,Tom Foster,New Karenside,Mississippi,2019-08-23
CUST00831,Mr. Michael Williams,New Michaelside,New Mexico,2021-07-07
CUST00195,John Bishop,New Nancyberg,,2022-02-14
CUST00975,Taylor Taylor,Port Scott,MISSOURI,2018-11-06
CUST00985,Carla Jones,North Kevintown,Indiana,2018-01-11
CUST00504,Zachary Mitchell,East Charles,Idaho,2023-11-27
CUST00484,Steve Paul,Lake Markfort,Oregon,2023-12-20
CUST00948,Ariel Sandoval,Hansenmouth,South Dakota,2024-01-16
CUST00580,David Grant,Christopherfurt,Kentucky,2021-01-24
CUST00161,Paul Castaneda,Tylerside,South Dakota,2023-10-12
CUST00681,Suzanne Wood,Allenbury,Tennessee,2024-10-06
CUST01013,Peter Thompson,West Theresamouth,Illinois,2022-12-13
CUST00163,Lindsey Walker,East Abigail,Montana,2018-12-22
CUST00706,James Tran,Lake Glenn,Vermont,2020-05-08
CUST00803,Reginald Morrow,Bentleyside,,2020-01-26
CUST00153,Denise Jones,Port Jenny,PA,2021-10-12
CUST00972,Jenna Gamble,South Stevenland,Mississippi,2022-08-24
CUST00800,Donald Medina,Victormouth,ALABAMA,2023-03-08
CUST01024,Joseph Cooper,Jacobsmouth,Nebraska,2020-10-22
CUST00112,Shannon Walker,Port Shawn,New York,2021-03-22
CUST00227,Kirk Carter,Port Willie,Arkansas,2019-11-05
CUST00787,Lisa Cervantes,North Patrick,West Virginia,2019-04-17
CUST00104,Christine Wright,Montoyaland,Arizona,2019-07-18
CUST00422,Maria Jones,Brendafurt,New Hampshire,2023-04-08
CUST00420,Jake Campbell,North Joel,UTAH,2023-03-24
CUST01034,Debra Butler,Nicoleburgh,Washington,2019-01-25
CUST00587,Dwayne Klein,East Adam,ALABAMA,2022-11-04
CUST00891,Jennifer Morris,East Patriciamouth,Arkansas,2023-06-25
CUST00673,Felicia Krueger,Kristinamouth,NORTH DAKOTA,2021-09-11
CUST00120,Jeffrey Chandler,Lewisborough,NEW MEXICO,2018-06-02
CUST00054,Mark Perez,East Jessica,North Carolina,2024-04-04
CUST00152,Pamela Boyd,Greerstad,Colorado,2018-02-27
CUST00404,Kathleen Webster,East Christophertown,Tennessee,2024-10-11
CUST00829,Derrick Clayton,Robertside,INDIANA,2023-06-28
CUST00208,Cathy Robinson,Heatherberg,Arkansas,2024-01-11
CUST00659,Travis Hobbs,East Charles,Utah,2020-10-07
CUST00963,Shannon Yu,Port Courtney,Connecticut,2020-10-19
CUST00947,Kendra Wang DVM,Maryport,Wisconsin,2024-09-10
CUST00009,Gabrielle Davis,Gabriellefort,new mexico,2024-07-18
CUST00920,Samantha Terry,Kempshire,West Virginia,2022-10-08
CUST00037,Sherri Baker,Hillburgh,North Dakota,2021-08-24
CUST00453,Alexander Brown,North Sarahborough,Kentucky,2019-11-21
CUST00652,Amber Yang,New Katherineborough,Utah,2021-02-04
CUST00254,Barbara Dudley,East Shanefort,Kentucky,2024-06-26
CUST00304,Sara Fuller,Spearsshire,utah,2024-11-23
CUST00853,Victor Edwards,West Derekmouth,Michigan,2020-01-20
CUST00572,Christian Vaughn,Lake Zacharyberg,Indiana,2018-11-08
CUST00624,Colleen Wright,East Mark,WEST VIRGINIA,2021-12-20
CUST00811,Carol Taylor,Larsonbury,louisiana,2024-08-22
CUST00823,Jose Ramirez,Robertfort,Nebraska,2022-02-07
CUST00998,Christina Johnson,Lewisbury,South Carolina,2021-03-07
CUST00263,Timothy Romero,South Rachel,New Mexico,2023-04-18
CUST00611,Samantha Robertson,New Anna,Maine,2019-02-23
CUST00298,William Barrett,Gomezfurt,north dakota,2019-09-28
CUST00415,Erica Alvarez,New Elizabethborough,NEW JERSEY,2021-06-17
CUST00151,David Wright,North Juliaborough,Maine,2020-02-02
CUST00899,,Jaimetown,Alaska,2021-01-30
CUST00779,Allen Mendez,Baldwinville,Louisiana,2023-05-05
CUST00641,,Port Jamesland,TX,2022-04-09
CUST01011,Kathryn Lester,East Ralphshire,Utah,2019-05-24
CUST00551,Kelly Lee,Catherinebury,Montana,2024-08-01
CUST00902,,Toddhaven,Iowa,2021-03-28
CUST00489,Bobby Guerrero,Conradville,Iowa,2023-12-09
CUST00711,Anthony Jones,East Jenniferfort,Tennessee,2023-08-08
CUST00148,Stephanie Salazar,Lake Deborah,Arizona,2019-10-28
CUST00147,Victoria Larson,West Lisaville,Colorado,2021-09-16
CUST00825,Aaron Schroeder,Alexandrachester,Wyoming,2020-03-18
CUST00346,Theresa Williams,Chaseborough,Kansas,2023-07-24
CUST00846,Breanna Ayala,North Thomas,MICHIGAN,2018-12-14
CUST01005,Mary Miller,Tracichester,Louisiana,2021-11-08
CUST00660,Lori Simmons,Amberton,NORTH DAKOTA,2023-07-24
CUST00771,Jesse Clark,Fernandoland,New York,2021-11-27
CUST00349,James Parks,South Victor,Colorado,2022-04-11
CUST00464,Taylor Carlson,,VERMONT,2018-11-01
CUST00326,Patrick Moore,Port Mercedeston,Texas,2020-08-17
CUST00187,Jonathan Peterson,Lake Melaniestad,Arizona,2023-03-22
CUST00124,Michelle Harmon,South Adam,New Jersey,2018-05-29
CUST00974,Tracy Walker,Baileystad,New Hampshire,2023-01-26
CUST00609,Rachel Bradley,Lynchmouth,,2022-01-14
CUST00144,Christopher Rubio,West Frances,WEST VIRGINIA,2021-01-22
CUST00752,Michael Gonzales,Gregoryhaven,Idaho,2024-07-05
CUST00553,Diana Hays,Christopherfort,Rhode Island,2022-06-20
CUST00198,Spencer Haynes,South Rebecca,missouri,2020-06-16
CUST00610,Casey Chase,Aliciastad,Rhode Island,2021-01-09
CUST00280,Nathan Malone,Whiteside,ARIZONA,2020-01-02
CUST00294,Margaret Coleman,Jameshaven,Iowa,2020-07-29
CUST00949,Robert Stark,North Kylie,Delaware,2019-11-21
CUST00401,Robin Young,North Tara,MASSACHUSETTS,2019-04-26
CUST00123,April Frost,Port Patriciamouth,Vermont,2019-12-22
CUST00184,Ashley Barton,Hughesfurt,Michigan,2020-08-25
CUST00203,Elizabeth Perkins,Emilyview,Tennessee,2024-10-17
CUST00439,Rhonda Martin,Phillipsview,Nebraska,2019-09-17
CUST00836,Timothy Hill,Lake Michaelborough,Michigan,2024-08-01
CUST00247,Krista Gibson,New Evan,WASHINGTON,2023-03-09
CUST00416,Antonio Garcia,Priceport,Connecticut,2020-12-07
CUST00887,Jordan Williams,Brianstad,UTAH,2022-08-03
CUST00874,Amy Miller,South Patriciamouth,Alabama,2021-07-12
CUST01029,Patrick Mccall,Amyside,Hawaii,2022-06-12
CUST00878,Troy Mills,Pamelaville,,2022-01-10
CUST01009,Karen Keith,Powersfurt,Washington,2023-02-26
CUST00130,Megan Orr,Raymondmouth,Delaware,2018-02-07
CUST00638,Randy Cannon,West Shannon,HAWAII,2024-05-31
CUST00403,Mary Thompson,Davidmouth,West Virginia,2020-09-20
CUST00895,Dr. Andrea Marshall,Hernandezborough,WYOMING,2018-05-07
CUST00881,Patricia Johnson,New Jennaborough,Kansas,2019-07-14
CUST00736,Laura Jackson,Alexisville,Illinois,2021-12-25
CUST01032,Annette Melton,Stevenston,Minnesota,2022-10-25
CUST00220,Bailey Duran DDS,Port Bonniefurt,Kansas,2018-09-10
CUST00642,Martha Bailey,Hunterfort,Nevada,
CUST00002,Noah Rhodes,Buckburgh,Alaska,2024-09-10
CUST00859,Steven Blevins,Hoodview,Hawaii,2024-09-08
CUST00918,Christine Parker,Lake Amyhaven,rhode island,2024-02-16
CUST00081,Kelly Donovan,Michaelmouth,Massachusetts,2023-05-17
CUST00625,Shelley Miller,Sandrafort,Michigan,2024-03-20
CUST00957,Eric Henry Jr.,Williamshire,IL,2019-07-10
CUST00869,Lisa Ramirez,North Timothyport,ALABAMA,2019-11-15
CUST00387,Adam Burgess,West Alex,New York,2024-10-05
CUST00651,Andrew Harper,New Katieport,West Virginia,2022-11-16
CUST00807,Zachary Cole,Lake Deborah,Kansas,2018-04-30
CUST00510,Michelle Ho,Hansonmouth,Pennsylvania,2022-03-09
CUST00268,Colin Terry,Perezfort,New Jersey,2019-07-09
CUST00933,Joel Jackson,West Michaelport,Virginia,2024-08-05
CUST00442,Joann Ferguson,Kimberlybury,NEBRASKA,2020-07-31
CUST00497,Austin Osborne,East Matthew,OREGON,2019-03-15
CUST00830,Kenneth Knight,East David,Nevada,2023-12-02
CUST00113,Julia Torres,Moranstad,,2021-08-08
CUST00692,Pamela Gutierrez,East Lisashire,PENNSYLVANIA,2021-08-27
CUST00233,Christopher Parker,Paulmouth,Virginia,2024-07-16
CUST00990,Karen Johnson,New Ashley,Wisconsin,2023-12-30
CUST00608,David Lopez,South Jenniferport,Connecticut,2022-12-27
CUST00672,Kristin Mendoza,Lake Samantha,Vermont,2022-04-06
CUST00374,Sergio Knight,North Joseberg,Wisconsin,2020-11-10
CUST00827,Heather Brown,New Hectorfort,New Jersey,2019-04-12
CUST00664,Samuel Turner,Jensenport,NEVADA,2023-02-19
CUST00962,Sylvia Schroeder,West Kellyland,Colorado,2019-06-28
CUST00234,Laura Roberts,,Wisconsin,2023-06-26
CUST00819,Michael Poole,South John,Connecticut,2024-06-22
CUST00896,Ryan Murphy,West Robertside,Maine,2020-06-22
CUST00677,Kristen Rowe,Cassandraberg,Montana,2024-08-31
CUST00318,Ashley Hall,New Sarahfort,North Carolina,2022-12-03
CUST00649,Jennifer Miranda,North Larryton,Idaho,2018-09-17
CUST00411,Angela Lin,Claytonville,Vermont,2022-04-09
CUST01021,Jason Hernandez,Crawfordberg,Indiana,2021-01-27
CUST00710,Sean Clay,North Charles,Montana,2022-08-03
CUST00359,Christian Leblanc,Emilyfort,Missouri,2023-04-24
CUST00259,Denise Davenport,Carlsonland,Delaware,2018-09-19
CUST00745,Travis Harris,New Jessica,MASSACHUSETTS,2018-02-13
CUST00628,Laura Hernandez,Stevenchester,TEXAS,2024-09-15
CUST00633,Robert Cummings,Marymouth,Oregon,2022-08-22
CUST00283,Jessica Garcia,Port Michelle,Arizona,2023-12-07
CUST00377,Glen Wood,,Kansas,2018-11-20
CUST00385,Aimee Turner,Port Christopher,California,2022-03-25
CUST00225,Matthew Moore,South Michaeltown,Montana,2024-01-08
CUST00426,Gregory Ponce,South Christopher,MI,2021-07-05
CUST00927,Vickie Anderson,Port Shari,Alabama,2021-11-28
CUST00473,Lori Ingram,Suzannemouth,Georgia,2020-06-14
CUST00348,Victor Brown,South Linda,North Dakota,2021-11-11
CUST00506,Jodi Roach,North Emilychester,CONNECTICUT,2021-12-22
CUST00640,Janet Kane DVM,North Neil,Utah,2019-11-26
CUST00291,David Smith,Jenniferton,Oregon,2022-10-04
CUST00798,Michael Perry PhD,Lake Wendybury,MISSISSIPPI,2024-04-12
CUST00340,David Thompson,Ivanchester,IOWA,2018-09-07
CUST00556,Nicole Gonzalez,Port Paul,Maryland,2019-10-28
CUST00620,Elizabeth Mendez,Kristyport,Vermont,2022-07-30
CUST00108,Sierra Johnson,North Richardton,oregon,2022-07-25
CUST00915,Dale Chan,New Kevin,NY,2024-01-30
CUST00646,Kim Morrow,Port Tonihaven,Illinois,2021-01-04
CUST00966,Travis Conner,Ginastad,idaho,2020-10-10
CUST00557,Kathryn Williams,Taylorborough,Tennessee,2024-04-28
CUST00682,Justin Walker,South Patrick,New Mexico,2020-04-02
CUST00578,Raymond Le,Heatherburgh,Tennessee,2021-08-29
CUST00796,Adam Taylor,Millermouth,North Carolina,2019-10-18
CUST00086,Daniel Baker,Banksburgh,Nevada,2024-04-21
CUST00243,Kevin Walters,New Dawnborough,Montana,2023-02-15
CUST00699,Renee Browning,Abbottport,Nebraska,2020-03-29
CUST00995,Anthony Armstrong,Richardsonshire,Arizona,2023-07-20
CUST00160,Jamie Smith,Candiceport,Connecticut,2022-10-18
CUST00525,Krista Martinez,North Kellyfurt,Delaware,2018-08-18
CUST00036,Jeffrey Chavez,Cynthiatown,new hampshire,2024-04-16
CUST00541,James Gilbert,Lake Dillon,Pennsylvania,2018-07-10
CUST00171,Jamie Walton,Patrickville,New Hampshire,2018-01-28
CUST00655,Robert Dennis,West Edwardview,Maine,2023-06-07
CUST01012,Megan Oliver,Lake Saraburgh,Wisconsin,2019-10-10
CUST00978,Margaret Tanner,Port Heather,New Jersey,2023-10-13
CUST00967,Marie Thompson,New Bettyberg,,2022-05-28
CUST00485,Jasmine Beltran,South Margaret,Arkansas,2024-03-09
CUST00734,Edgar Hughes,Port Kristenview,Ohio,2019-03-24
CUST00900,Christie Mccullough,Port Stacey,Louisiana,2020-07-09
CUST00096,Anna Henderson,South Dorothybury,MINNESOTA,2020-07-13
CUST00564,,New Jillfurt,Wisconsin,2019-07-28
CUST00241,Andrew Avila,Sparkstown,alaska,2023-10-04
CUST00743,George Ochoa,Townsendbury,North Dakota,2022-10-30
CUST00864,Tiffany Townsend,Quinnhaven,Michigan,2020-01-31
CUST00575,Daniel Nguyen,South Robert,Minnesota,2024-11-19
CUST00691,Ryan Landry,Troyton,Nebraska,2020-09-19
CUST00461,Kelsey Rodriguez,Lopezhaven,new york,2018-08-29
CUST00892,Nathan Nelson,North Peterburgh,Kansas,2019-11-17
CUST00554,Barbara Hester,New Meghan,New York,2018-11-12
CUST00858,Nicole Phillips,Atkinsborough,Oregon,2022-09-10
CUST00999,Edgar Miller,Rodriguezmouth,,2021-10-15
CUST00207,Bryan Herrera,Toddmouth,Missouri,2023-04-13
CUST00393,Brian Smith,Fosterburgh,minnesota,2020-06-07
CUST00795,,Mosleystad,Maine,2024-03-10
CUST00871,Kimberly Myers,South Stevenberg,Arkansas,2021-03-29
CUST00398,Gary Jackson,East Keith,RHODE ISLAND,2018-03-04
CUST00767,Raymond Chapman,North Heather,Connecticut,2022-08-31
CUST00968,Melissa Mcfarland,East Aprilstad,New York,2023-06-28
CUST00218,Mark Brown,West Jessica,Florida,2024-04-29
CUST00005,Cristian Santos,Stephenborough,KANSAS,2024-06-27
CUST00769,Jason Nixon,Livingstonview,Colorado,2019-04-21
CUST00643,Joshua Rice,East Matthew,Oklahoma,2019-07-23
CUST01020,Lisa Mills,Rodriguezview,Ohio,2019-10-14
CUST00943,Joshua Washington,Robertside,Illinois,2024-05-24
CUST00613,Franklin Wright,Lake Kelly,Georgia,N/A
CUST00739,Mr. David Wright,Kimberlybury,NEW JERSEY,2018-07-01
CUST00547,Johnny Khan,Port Lucaschester,NEVADA,2020-01-05
CUST00726,Rebecca Marquez,Chloemouth,Nebraska,2023-09-07
CUST00571,Ashley Smith,Jacksonport,Missouri,2020-08-08
CUST00684,Jennifer Hernandez,Muellerchester,Maine,2021-07-10
CUST00099,,North Dawnburgh,South Dakota,2019-02-15
CUST00805,Kimberly Fritz,North Jillfort,MI,2022-11-06
CUST00728,Nancy Stewart,Robertport,Oregon,2024-02-05
CUST00574,Nancy Brown,Lake Vincentburgh,Maryland,2024-10-14
CUST00407,Lori Hernandez,Steventon,Idaho,2020-09-07
CUST00503,Mr. Justin Green III,New Christina,North Carolina,2024-12-13
CUST00048,Shane Henderson,North Madison,Maine,2020-12-18
CUST00033,Tricia Valencia,East Matthew,Arizona,2019-07-20
CUST00930,Alison Brown,Leemouth,Kentucky,2019-04-26
CUST00780,Kevin Price,North Chadview,Minnesota,2019-02-04
CUST00840,Michele Smith,Robertsonland,OREGON,2023-02-19
CUST00201,Melissa Brewer,Port Karenside,tennessee,2019-09-20
CUST00135,Rebecca Jackson,East Jason,KANSAS,2021-10-04
CUST00028,Stephanie Ross,Yorkfort,Maryland,2022-08-08
CUST01001,Matthew Davis MD,Farmerport,Colorado,2024-06-25
CUST00231,Jessica Stephens,North Joseph,Montana,2019-04-22
CUST00490,Lance Simmons,Lake Denise,Connecticut,2021-01-30
CUST00773,Eric Patrick,Cookton,Illinois,2021-11-06
CUST00379,Anthony Moore,Michellemouth,Arizona,2022-02-28
CUST00289,Lisa Allen,New Benjaminfurt,South Carolina,2023-03-12
CUST00419,Jeffrey Mills,West Paige,Maryland,2023-07-30
CUST00675,Zachary Mendoza,Rodriguezfort,SOUTH CAROLINA,2021-10-03
CUST00392,Laura Mckinney,Jacobside,Nevada,2024-04-08
CUST00593,Jason Love,Christineside,,2021-04-24
CUST00499,Meghan Rush,Bakerfurt,Louisiana,2023-11-18
CUST00139,David Alvarez,Aguilarchester,ARKANSAS,2023-11-18
CUST00063,Connor West,Cindyberg,Georgia,2021-11-29
CUST00472,Richard Cooper,Cannonview,OREGON,2018-02-07
CUST00648,Molly Rodriguez,Hugheshaven,Missouri,2019-08-21
CUST00129,,Barnesbury,Utah,2018-06-03
CUST00848,Joseph Smith,East Sarah,Nevada,2021-07-06
CUST00521,Amy Martinez,West Georgeport,Tennessee,2022-04-03
CUST00839,Michael Young,East Kristen,South Carolina,2021-12-12
CUST00159,Melissa Gates,North Eric,Alabama,2022-07-19
CUST00065,Jessica Callahan,West Danielville,Wyoming,2021-01-25
CUST00813,Douglas Ryan,Nguyenshire,Wyoming,2022-05-12
CUST00015,Dylan Miller,Lake Tylerport,Minnesota,2019-08-29
CUST00157,Joshua Perry,Davidshire,North Carolina,2019-12-20
CUST00041,Paula Moreno,Smithside,Wyoming,2021-07-09
CUST00493,William Gould,West Wayne,Utah,2018-03-12
CUST00380,Megan Nelson,Mcdonaldside,Missouri,2019-01-14
CUST00188,Samantha Garcia,West Kristinport,MONTANA,2021-06-10
CUST00764,Jessica Smith,North Sheenaborough,Arkansas,2023-06-01
CUST00217,Rodney Morales,Micheleberg,nebraska,2018-11-16
CUST00922,David Kelly,Morganville,Pennsylvania,2020-10-10
CUST00792,Cody Reid,Port Steveport,KENTUCKY,2020-09-26
CUST00053,Crystal Robinson,Smithbury,Kentucky,2021-02-16
CUST00879,,Diazton,Alaska,2018-02-09
CUST00338,Charles Lester,New Jose,Arkansas,2021-05-15
CUST00749,Jenna Wilson,South Frances,Virginia,2023-09-23
CUST00720,Jeffrey Roberson,Arthurton,Arkansas,2023-01-14
CUST00725,Mary Miller,East Thomasland,Pennsylvania,2023-12-29
CUST00296,John Young,West Johntown,Louisiana,2023-03-02
CUST00702,James Watson,Port Juliantown,RHODE ISLAND,2020-01-07
CUST01017,Suzanne Jones,Katelynfurt,Maryland,2020-04-08
CUST00252,Olivia Harris,New Susan,nebraska,2018-01-13
CUST00727,Christian Dawson,South Shawnfort,Kentucky,2022-09-10
CUST00462,Eric Williams,New Colleen,Alabama,2023-11-17
CUST00456,Marie Moody,Angelachester,COLORADO,2019-07-28
CUST00271,Jasmin Alvarado,Port Christopher,New Hampshire,2022-04-16
CUST00816,Anna Estes,West Bryan,Rhode Island,2020-04-22
CUST00863,Holly Vega,South Tinaton,Nebraska,2022-09-29
CUST00270,Patrick Thornton,South Dennisfort,Vermont,2022-03-14
CUST00996,Brittany Ward,South Emily,Michigan,2021-01-04
CUST00202,Ricky Davis II,Newmanland,Utah,2023-02-07
CUST00162,Jennifer Adkins,Charlesmouth,Maine,2021-09-05
CUST00730,Derrick Anderson,Bryanfort,colorado,2022-01-12
CUST00402,Craig Morrison,East Teresaport,Vermont,2023-05-16
CUST00703,Karl Branch,,Connecticut,2024-03-03
CUST00566,John Coffey,New Danielmouth,NORTH DAKOTA,2023-08-14
CUST01022,Olivia Ayers,North Joanland,Vermont,2019-01-18
CUST01026,Amanda Hill,Port Charleshaven,Pennsylvania,2022-03-04
CUST00206,,West Christineborough,Pennsylvania,2024-02-28
CUST00035,Debra Davidson,South Marvinburgh,MAINE,2020-04-29
CUST00776,Christopher Moore,New Philip,Connecticut,2023-11-05
CUST00509,Joshua Vance,Garystad,Maine,2018-11-20
CUST00885,Holly Scott,West Michael,Virginia,2023-09-02
CUST00092,Brian Rodriguez,Knappville,Kentucky,2020-09-07
CUST00898,Elizabeth Dean,Rojastown,Oklahoma,2018-05-14
CUST00565,Molly Watts,Phillipshire,Florida,2018-11-18
CUST00777,Tina Hall,Rodriguezside,hawaii,2023-06-02
CUST00242,Matthew Moon,South Gabriel,Illinois,2022-08-29
CUST00014,Michele Williams,Guerreroberg,New Jersey,2022-04-07
CUST00316,Jordan Chambers,Johnland,Washington,2018-07-01
CUST00601,Casey Gillespie,Sarahland,Alaska,2022-05-15
CUST00388,James Padilla,West Justin,Delaware,2018-06-11
CUST00167,Alyssa Long,Kellyhaven,Ohio,2019-07-30
CUST00841,,Lake Sean,Arkansas,2024-12-03
CUST00021,Margaret Hawkins DDS,Meganside,KANSAS,2018-03-19
CUST00647,Gregory Hill,East Jenny,MI,2023-07-13
CUST00832,Richard Stevens,South Kaylee,South Dakota,2024-09-11
CUST00563,Robert Richardson,South Richard,New Hampshire,2022-04-22
CUST00199,Adam Vaughan,East Jack,DELAWARE,2019-07-02
CUST00687,Maria Henry,Wilsonmouth,Virginia,2021-07-31
CUST00958,Daniel Fox,Port Jordanshire,Kentucky,2022-08-13
CUST00190,Jessica Gross,Fostertown,Oregon,2022-07-19
CUST00976,Cynthia Haas,Geraldport,Wisconsin,2019-01-17
CUST00700,Brent Hernandez,West Rachelton,new york,2024-08-22
CUST00511,Rebecca Hicks,Port Jesusstad,Indiana,2022-07-22
CUST00475,Robin Thompson,Caitlinhaven,Michigan,2023-02-11
CUST00857,Elizabeth Holmes,North Robert,GA,2022-05-11
CUST00748,Dana Bennett,Turnerside,Vermont,2020-06-28
CUST00253,Tanya Kim,Lake Jessicaport,Delaware,2020-06-11
CUST00022,Patty Perez,West Connor,LOUISIANA,2022-12-12
CUST00460,Ruben Dunn,North Jessicaside,Kansas,2024-01-30
CUST00277,Wayne Morgan,Melissachester,KANSAS,2019-06-29
CUST00956,William Keith,Mccannville,NEW MEXICO,2019-01-26
CUST00386,Chad Scott,Michaelview,North Carolina,2024-10-13
CUST00806,Ronald Potter,South Rebeccaton,Ohio,2022-06-09
CUST00344,Nichole Alvarez,New Gina,Mississippi,2022-10-16
CUST00770,Todd Thomas,Schwartzmouth,arkansas,2019-08-04
CUST00131,Elizabeth Kelley,Shawnberg,New Mexico,2021-05-07
CUST00872,Sandra Becker,,Louisiana,2019-07-29
CUST00088,Christopher Bass,North Robert,West Virginia,2019-07-17
CUST00331,Vanessa Howard,North Alicia,New Hampshire,2021-08-06
CUST00467,Jason Beck,Wagnerburgh,Delaware,2022-08-17
CUST00122,Kenneth Scott,Lake Maryshire,California,2022-09-08
CUST01045,Cassandra Harrell,Robertton,Arkansas,2018-02-03
CUST00861,Vanessa Hatfield,West Ryan,Iowa,2024-06-12
